pod_name,submit_time
lstm-j9zjg,1688029213.544498
neumf-q4m42,1688029454.9458687
